﻿<?xml version="1.0" encoding="utf-8" ?>
<job-scheduling-data xmlns="http://quartznet.sourceforge.net/JobSchedulingData">
  <processing-directives>
    <overwrite-existing-data>true</overwrite-existing-data>
  </processing-directives>
  <schedule>
    <job>
      <name>sampleJob</name>
      <group>sampleGroup</group>
      <description>Sample job for Quartz Server</description>
      <job-type>Quartz配置.QuartzJob,Quartz配置</job-type>
      <durable>true</durable>
      <recover>false</recover>
    </job>
    <trigger>
      <cron>
        <name>sampleSimpleTrigger</name>
        <group>sampleSimpleGroup</group>
        <job-name>sampleJob</job-name>
        <job-group>sampleGroup</job-group>
        <cron-expression>5,10,15,20,25,30,40,45,50,55 * * * * ?</cron-expression>
      </cron>
    </trigger>
    <job>
      <name>QuartzJobTime</name>
      <group>sampleGroup</group>
      <description>Sample job for Quartz Server</description>
      <job-type>Quartz配置.QuartzJobTime,Quartz配置</job-type>
      <durable>true</durable>
      <recover>false</recover>
    </job>
    <trigger>
      <cron>
        <name>QuartzJobTime</name>
        <group>sampleSimpleGroup</group>
        <job-name>QuartzJobTime</job-name>
        <job-group>sampleGroup</job-group>
        <cron-expression>5,10,15,20,25,30,40,45,50,55 * * * * ?</cron-expression>
      </cron>
    </trigger>
  </schedule>
</job-scheduling-data>